"end.year","year","ice.trend","height.pc1"
1970,1951,0.285367660620622,0.791153541453506
1970,1952,0.428961225441206,0.16081056925957
1970,1953,0.626816693905417,0.185477791075415
1970,1954,0.754891918259649,-1.12996111337866
1970,1955,1.11745766065472,0.346559388149672
1970,1956,1.31342385251593,0.285411313845616
1970,1957,1.13671588390144,0.129544705135407
1970,1958,1.22381653603853,0.979863388858975
1970,1959,1.3662808080151,-0.537942470213843
1970,1960,1.32119672043162,0.91713253920294
1970,1961,1.24026023770308,-0.217464447367073
1970,1962,1.29599566800344,0.199893957992308
1970,1963,1.21465733286221,0.292066973220085
1970,1964,1.0802627330861,-0.647329174152355
1970,1965,0.808027546443912,0.638596091316336
1970,1966,0.663812427991888,1.10925692191264
1970,1967,0.373922079111678,-0.783264814065692
1970,1968,0.215620923937918,-0.333229450390529
1970,1969,0.0527858778578026,1.40014766386855
1970,1970,0.0610050544343335,0.815402843413899
1971,1952,0.428961225441206,0.171122116603535
1971,1953,0.626816693905417,0.196671077896576
1971,1954,0.754891918259649,-1.12226027645597
1971,1955,1.11745766065472,0.361583688318353
1971,1956,1.31342385251593,0.295403848211535
1971,1957,1.13671588390144,0.147690798640406
1971,1958,1.22381653603853,0.993949873622818
1971,1959,1.3662808080151,-0.526169286356177
1971,1960,1.32119672043162,0.929183358566372
1971,1961,1.24026023770308,-0.198023192914023
1971,1962,1.29599566800344,0.210166530669738
1971,1963,1.21465733286221,0.301322470573675
1971,1964,1.0802627330861,-0.632470501978361
1971,1965,0.808027546443912,0.651293982544508
1971,1966,0.663812427991888,1.12152251514514
1971,1967,0.373922079111678,-0.778530457589126
1971,1968,0.215620923937918,-0.32222314018185
1971,1969,0.0527858778578026,1.40796459334325
1971,1970,0.0610050544343335,0.832636341471851
1971,1971,0.178460583110029,0.131147318970651
1972,1953,0.626816693905417,0.231836279891961
1972,1954,0.754891918259649,-1.10774287561676
1972,1955,1.11745766065472,0.392061508668694
1972,1956,1.31342385251593,0.312976554704293
1972,1957,1.13671588390144,0.173951783744693
1972,1958,1.22381653603853,1.02906626075882
1972,1959,1.3662808080151,-0.51453203044234
1972,1960,1.32119672043162,0.948251768130029
1972,1961,1.24026023770308,-0.174934967824702
1972,1962,1.29599566800344,0.23130870239368
1972,1963,1.21465733286221,0.316358554519779
1972,1964,1.0802627330861,-0.613756802515286
1972,1965,0.808027546443912,0.676626746544114
1972,1966,0.663812427991888,1.15743183217124
1972,1967,0.373922079111678,-0.757410362510344
1972,1968,0.215620923937918,-0.297867381735543
1972,1969,0.0527858778578026,1.4228333201997
1972,1970,0.0610050544343335,0.863256509870944
1972,1971,0.178460583110029,0.150445764953949
1972,1972,0.096611255826446,-0.601395275186805
1973,1954,0.754891918259649,-1.06856285973437
1973,1955,1.11745766065472,0.412968967061355
1973,1956,1.31342385251593,0.346722361921151
1973,1957,1.13671588390144,0.220683992219481
1973,1958,1.22381653603853,1.05813563579014
1973,1959,1.3662808080151,-0.451959197560816
1973,1960,1.32119672043162,0.956741493035923
1973,1961,1.24026023770308,-0.124264769806625
1973,1962,1.29599566800344,0.281766394887499
1973,1963,1.21465733286221,0.354309295056105
1973,1964,1.0802627330861,-0.580779117476629
1973,1965,0.808027546443912,0.724229968788553
1973,1966,0.663812427991888,1.17560073628359
1973,1967,0.373922079111678,-0.708444637853727
1973,1968,0.215620923937918,-0.237138331031577
1973,1969,0.0527858778578026,1.42468368960659
1973,1970,0.0610050544343335,0.887706475301682
1973,1971,0.178460583110029,0.199855833422907
1973,1972,0.096611255826446,-0.534043160543297
1973,1973,0.151967905332182,-1.07262317844736
1974,1955,1.11745766065472,0.396994948760391
1974,1956,1.31342385251593,0.328924326348708
1974,1957,1.13671588390144,0.19092494265682
1974,1958,1.22381653603853,1.05268193972605
1974,1959,1.3662808080151,-0.46801502820708
1974,1960,1.32119672043162,0.948578958085051
1974,1961,1.24026023770308,-0.146299691096212
1974,1962,1.29599566800344,0.270845309193174
1974,1963,1.21465733286221,0.338874420669659
1974,1964,1.0802627330861,-0.597560266510109
1974,1965,0.808027546443912,0.706605825579352
1974,1966,0.663812427991888,1.17270858573216
1974,1967,0.373922079111678,-0.729363419015621
1974,1968,0.215620923937918,-0.256068679535979
1974,1969,0.0527858778578026,1.41901057891198
1974,1970,0.0610050544343335,0.871783139726414
1974,1971,0.178460583110029,0.185216940351117
1974,1972,0.096611255826446,-0.555702692226947
1974,1973,0.151967905332182,-1.09243293735592
1974,1974,0.0230679398267669,-0.111118814952404
1975,1956,1.31342385251593,0.36186091816864
1975,1957,1.13671588390144,0.232083609794262
1975,1958,1.22381653603853,1.04097272782164
1975,1959,1.3662808080151,-0.458042178236558
1975,1960,1.32119672043162,0.987192232674575
1975,1961,1.24026023770308,-0.128925819256345
1975,1962,1.29599566800344,0.26104501660032
1975,1963,1.21465733286221,0.352625341102747
1975,1964,1.0802627330861,-0.573828499334127
1975,1965,0.808027546443912,0.704041181369838
1975,1966,0.663812427991888,1.18581140840901
1975,1967,0.373922079111678,-0.697891694313654
1975,1968,0.215620923937918,-0.26396946785502
1975,1969,0.0527858778578026,1.44369824669648
1975,1970,0.0610050544343335,0.882350615998779
1975,1971,0.178460583110029,0.192498291991845
1975,1972,0.096611255826446,-0.536182169769531
1975,1973,0.151967905332182,-1.08564069813922
1975,1974,0.0230679398267669,-0.0879650193113051
1975,1975,-0.239224225269117,-0.749130621284004
1976,1957,1.13671588390144,0.247919929864822
1976,1958,1.22381653603853,1.08065933055391
1976,1959,1.3662808080151,-0.427516632291586
1976,1960,1.32119672043162,1.02190574630578
1976,1961,1.24026023770308,-0.0828760624688626
1976,1962,1.29599566800344,0.29190514638366
1976,1963,1.21465733286221,0.388451948942648
1976,1964,1.0802627330861,-0.53753915723639
1976,1965,0.808027546443912,0.725661506795785
1976,1966,0.663812427991888,1.21391334802938
1976,1967,0.373922079111678,-0.664714877831244
1976,1968,0.215620923937918,-0.224508899288516
1976,1969,0.0527858778578026,1.46845244865943
1976,1970,0.0610050544343335,0.928678872144945
1976,1971,0.178460583110029,0.216524296408664
1976,1972,0.096611255826446,-0.515861769336825
1976,1973,0.151967905332182,-1.04928291644664
1976,1974,0.0230679398267669,-0.0586759079918472
1976,1975,-0.239224225269117,-0.712932287446553
1976,1976,-0.719347705834034,-1.41976297770113
1977,1958,1.22381653603853,1.02873658945565
1977,1959,1.3662808080151,-0.446467583922393
1977,1960,1.32119672043162,0.985207681183242
1977,1961,1.24026023770308,-0.0838988690062653
1977,1962,1.29599566800344,0.225012832309955
1977,1963,1.21465733286221,0.345737126202425
1977,1964,1.0802627330861,-0.551061911340689
1977,1965,0.808027546443912,0.673210343220566
1977,1966,0.663812427991888,1.13961032552674
1977,1967,0.373922079111678,-0.68772953311627
1977,1968,0.215620923937918,-0.268461648088639
1977,1969,0.0527858778578026,1.40224690153525
1977,1970,0.0610050544343335,0.905222381587994
1977,1971,0.178460583110029,0.165810044615105
1977,1972,0.096611255826446,-0.541140066867374
1977,1973,0.151967905332182,-1.05341080924025
1977,1974,0.0230679398267669,-0.0763128387044808
1977,1975,-0.239224225269117,-0.723593714119845
1977,1976,-0.719347705834034,-1.41448756558562
1977,1977,-1.397016818522,1.09337607931971
1978,1959,1.3662808080151,-0.427028328348155
1978,1960,1.32119672043162,1.02252828774829
1978,1961,1.24026023770308,-0.0805213650520152
1978,1962,1.29599566800344,0.255322994628082
1978,1963,1.21465733286221,0.371627896077994
1978,1964,1.0802627330861,-0.530814622849404
1978,1965,0.808027546443912,0.685999142659067
1978,1966,0.663812427991888,1.18499974651078
1978,1967,0.373922079111678,-0.663594544197261
1978,1968,0.215620923937918,-0.25376783853225
1978,1969,0.0527858778578026,1.4524787564716
1978,1970,0.0610050544343335,0.916173228088005
1978,1971,0.178460583110029,0.19183199408412
1978,1972,0.096611255826446,-0.522310855795295
1978,1973,0.151967905332182,-1.04369817506575
1978,1974,0.0230679398267669,-0.067395968113012
1978,1975,-0.239224225269117,-0.716691272121858
1978,1976,-0.719347705834034,-1.40935546096026
1978,1977,-1.397016818522,1.10602283676171
1978,1978,-2.27499511595209,-0.0384682758304318
1979,1960,1.32119672043162,1.03484643593008
1979,1961,1.24026023770308,-0.0766117001776605
1979,1962,1.29599566800344,0.250757120676834
1979,1963,1.21465733286221,0.376386139620901
1979,1964,1.0802627330861,-0.532930153245488
1979,1965,0.808027546443912,0.697410279323117
1979,1966,0.663812427991888,1.18237783280912
1979,1967,0.373922079111678,-0.644846178171064
1979,1968,0.215620923937918,-0.255903911335365
1979,1969,0.0527858778578026,1.46141020793185
1979,1970,0.0610050544343335,0.930645815058655
1979,1971,0.178460583110029,0.197265912165111
1979,1972,0.096611255826446,-0.509877948835126
1979,1973,0.151967905332182,-1.03082127201457
1979,1974,0.0230679398267669,-0.0540404812596772
1979,1975,-0.239224225269117,-0.7105229027995
1979,1976,-0.719347705834034,-1.38863797112801
1979,1977,-1.397016818522,1.12977787718877
1979,1978,-2.27499511595209,-0.0417847878115787
1979,1979,-2.85409717359248,0.321268238489678
1980,1961,1.24026023770308,-0.106590389336276
1980,1962,1.29599566800344,0.222214282886548
1980,1963,1.21465733286221,0.370001229933148
1980,1964,1.0802627330861,-0.546578829715531
1980,1965,0.808027546443912,0.689032679096705
1980,1966,0.663812427991888,1.19130719189491
1980,1967,0.373922079111678,-0.704109748577407
1980,1968,0.215620923937918,-0.311563863847862
1980,1969,0.0527858778578026,1.49419449699401
1980,1970,0.0610050544343335,0.924855793753101
1980,1971,0.178460583110029,0.17121237893736
1980,1972,0.096611255826446,-0.549989524844733
1980,1973,0.151967905332182,-1.09555254087122
1980,1974,0.0230679398267669,-0.0873586503243192
1980,1975,-0.239224225269117,-0.762429244289161
1980,1976,-0.719347705834034,-1.45938730186494
1980,1977,-1.397016818522,1.16047304364005
1980,1978,-2.27499511595209,-0.0777792219995735
1980,1979,-2.85409717359248,0.307512972711378
1980,1980,-2.87989201881377,-0.0846859711280819
1981,1962,1.29599566800344,0.244447927041237
1981,1963,1.21465733286221,0.380234635537782
1981,1964,1.0802627330861,-0.53676210848982
1981,1965,0.808027546443912,0.725400601145413
1981,1966,0.663812427991888,1.21388371504391
1981,1967,0.373922079111678,-0.669114966713787
1981,1968,0.215620923937918,-0.278680382475715
1981,1969,0.0527858778578026,1.5069845003636
1981,1970,0.0610050544343335,0.959734898194162
1981,1971,0.178460583110029,0.203563362426202
1981,1972,0.096611255826446,-0.514624727972202
1981,1973,0.151967905332182,-1.05957452097492
1981,1974,0.0230679398267669,-0.0425074855380169
1981,1975,-0.239224225269117,-0.722419404132157
1981,1976,-0.719347705834034,-1.42603637222016
1981,1977,-1.397016818522,1.19416717835154
1981,1978,-2.27499511595209,-0.0448243431995889
1981,1979,-2.85409717359248,0.33402741267082
1981,1980,-2.87989201881377,-0.0539152599424991
1981,1981,-2.99331106193597,0.205355619501911
1982,1963,1.21465733286221,0.3826147297315
1982,1964,1.0802627330861,-0.529942473849147
1982,1965,0.808027546443912,0.718227660811021
1982,1966,0.663812427991888,1.22188929838843
1982,1967,0.373922079111678,-0.657224348027031
1982,1968,0.215620923937918,-0.272195213014856
1982,1969,0.0527858778578026,1.51229769151209
1982,1970,0.0610050544343335,0.958515688465403
1982,1971,0.178460583110029,0.207126010080971
1982,1972,0.096611255826446,-0.514764933937537
1982,1973,0.151967905332182,-1.05111912030182
1982,1974,0.0230679398267669,-0.0444563037640599
1982,1975,-0.239224225269117,-0.716239777156968
1982,1976,-0.719347705834034,-1.41749554973894
1982,1977,-1.397016818522,1.18950034150783
1982,1978,-2.27499511595209,-0.0443424432971255
1982,1979,-2.85409717359248,0.338637838386798
1982,1980,-2.87989201881377,-0.0518205727986014
1982,1981,-2.99331106193597,0.207502359814939
1982,1982,-3.17325625632165,-0.191984670982964
1983,1964,1.0802627330861,-0.517497725640571
1983,1965,0.808027546443912,0.740679180065344
1983,1966,0.663812427991888,1.25810653713723
1983,1967,0.373922079111678,-0.634915225021293
1983,1968,0.215620923937918,-0.273840885462245
1983,1969,0.0527858778578026,1.56206130233345
1983,1970,0.0610050544343335,0.980741031638566
1983,1971,0.178460583110029,0.231411460834909
1983,1972,0.096611255826446,-0.486950826144916
1983,1973,0.151967905332182,-1.05008497663499
1983,1974,0.0230679398267669,-0.0143051044224955
1983,1975,-0.239224225269117,-0.711553232862325
1983,1976,-0.719347705834034,-1.41132821912093
1983,1977,-1.397016818522,1.23185466097129
1983,1978,-2.27499511595209,-0.0346109331556949
1983,1979,-2.85409717359248,0.366224898340239
1983,1980,-2.87989201881377,-0.0221298507758617
1983,1981,-2.99331106193597,0.204344839820358
1983,1982,-3.17325625632165,-0.172387483762305
1983,1983,-3.32182980173522,-0.410908766603893
1984,1965,0.808027546443912,0.730836679351934
1984,1966,0.663812427991888,1.27391393073513
1984,1967,0.373922079111678,-0.640377480688062
1984,1968,0.215620923937918,-0.286309404173351
1984,1969,0.0527858778578026,1.56933120863499
1984,1970,0.0610050544343335,0.987662108313165
1984,1971,0.178460583110029,0.228448342896734
1984,1972,0.096611255826446,-0.49030053340427
1984,1973,0.151967905332182,-1.04316523863469
1984,1974,0.0230679398267669,-0.00510628777556567
1984,1975,-0.239224225269117,-0.702372044869639
1984,1976,-0.719347705834034,-1.41683469143231
1984,1977,-1.397016818522,1.24738366909123
1984,1978,-2.27499511595209,-0.0276692379075707
1984,1979,-2.85409717359248,0.375864450116296
1984,1980,-2.87989201881377,-0.0150938426867413
1984,1981,-2.99331106193597,0.207063046582684
1984,1982,-3.17325625632165,-0.169419712524992
1984,1983,-3.32182980173522,-0.390193124900719
1984,1984,-3.27393254760427,-0.115177785828538
1985,1966,0.663812427991888,1.20980761427763
1985,1967,0.373922079111678,-0.682019082032949
1985,1968,0.215620923937918,-0.340648607019451
1985,1969,0.0527858778578026,1.50082575936956
1985,1970,0.0610050544343335,0.922428932616273
1985,1971,0.178460583110029,0.174899562193703
1985,1972,0.096611255826446,-0.525863895101195
1985,1973,0.151967905332182,-1.07012224798961
1985,1974,0.0230679398267669,-0.0457432580341771
1985,1975,-0.239224225269117,-0.735649755630518
1985,1976,-0.719347705834034,-1.43441997159343
1985,1977,-1.397016818522,1.2040185744269
1985,1978,-2.27499511595209,-0.0727386124488535
1985,1979,-2.85409717359248,0.333680246717301
1985,1980,-2.87989201881377,-0.0468667135625447
1985,1981,-2.99331106193597,0.158599945503217
1985,1982,-3.17325625632165,-0.208636502198261
1985,1983,-3.32182980173522,-0.441891912364157
1985,1984,-3.27393254760427,-0.161324818801628
1985,1985,-3.27847583579347,0.522342619686505
1986,1967,0.373922079111678,-0.635886578247064
1986,1968,0.215620923937918,-0.290585631023429
1986,1969,0.0527858778578026,1.52936112287854
1986,1970,0.0610050544343335,0.937103089104606
1986,1971,0.178460583110029,0.216313960775216
1986,1972,0.096611255826446,-0.484346402552711
1986,1973,0.151967905332182,-1.02212644255408
1986,1974,0.0230679398267669,-0.016539911113016
1986,1975,-0.239224225269117,-0.688764800872218
1986,1976,-0.719347705834034,-1.38079310563755
1986,1977,-1.397016818522,1.21687080020613
1986,1978,-2.27499511595209,-0.0335233610257515
1986,1979,-2.85409717359248,0.368815451639908
1986,1980,-2.87989201881377,-0.0100425399012866
1986,1981,-2.99331106193597,0.193166716445306
1986,1982,-3.17325625632165,-0.162210303863043
1986,1983,-3.32182980173522,-0.410297843821023
1986,1984,-3.27393254760427,-0.122304893403341
1986,1985,-3.27847583579347,0.553278500272309
1986,1986,-3.33744633124096,0.479401598787645
1987,1968,0.215620923937918,-0.283504564249682
1987,1969,0.0527858778578026,1.55876072593839
1987,1970,0.0610050544343335,0.977625389318336
1987,1971,0.178460583110029,0.220301486352969
1987,1972,0.096611255826446,-0.503844912354915
1987,1973,0.151967905332182,-1.04241774923587
1987,1974,0.0230679398267669,-0.0178506108271911
1987,1975,-0.239224225269117,-0.70260118397226
1987,1976,-0.719347705834034,-1.41181265595346
1987,1977,-1.397016818522,1.26346947587865
1987,1978,-2.27499511595209,-0.0208777914485181
1987,1979,-2.85409717359248,0.377477154240491
1987,1980,-2.87989201881377,-0.00639832614420636
1987,1981,-2.99331106193597,0.228077842725671
1987,1982,-3.17325625632165,-0.167019036240165
1987,1983,-3.32182980173522,-0.382326905899122
1987,1984,-3.27393254760427,-0.105425405753989
1987,1985,-3.27847583579347,0.559593251349875
1987,1986,-3.33744633124096,0.50928250015143
1987,1987,-3.23743199130136,0.303981381564809
1988,1969,0.0527858778578026,1.55409804503544
1988,1970,0.0610050544343335,0.968437134571583
1988,1971,0.178460583110029,0.195142998453674
1988,1972,0.096611255826446,-0.530696213684925
1988,1973,0.151967905332182,-1.08229568332279
1988,1974,0.0230679398267669,-0.0349339308344101
1988,1975,-0.239224225269117,-0.73511777133138
1988,1976,-0.719347705834034,-1.44910923006381
1988,1977,-1.397016818522,1.25394885518922
1988,1978,-2.27499511595209,-0.0561013831351422
1988,1979,-2.85409717359248,0.347545818764721
1988,1980,-2.87989201881377,-0.0302162591165653
1988,1981,-2.99331106193597,0.189834020995363
1988,1982,-3.17325625632165,-0.200335251708258
1988,1983,-3.32182980173522,-0.419088073439708
1988,1984,-3.27393254760427,-0.140174551712482
1988,1985,-3.27847583579347,0.543210096991567
1988,1986,-3.33744633124096,0.483552373289538
1988,1987,-3.23743199130136,0.269265461298302
1988,1988,-3.05871415743887,0.195654138922022
1989,1970,0.0610050544343335,1.02697262900403
1989,1971,0.178460583110029,0.243087550648572
1989,1972,0.096611255826446,-0.458784669275098
1989,1973,0.151967905332182,-0.972129713675704
1989,1974,0.0230679398267669,0.031444783240141
1989,1975,-0.239224225269117,-0.637095707303551
1989,1976,-0.719347705834034,-1.31960991110126
1989,1977,-1.397016818522,1.2846628308896
1989,1978,-2.27499511595209,0.020920718178935
1989,1979,-2.85409717359248,0.386153835653997
1989,1980,-2.87989201881377,0.038948158521359
1989,1981,-2.99331106193597,0.277487554179831
1989,1982,-3.17325625632165,-0.141758847850852
1989,1983,-3.32182980173522,-0.289601219945344
1989,1984,-3.27393254760427,-0.0572907353536292
1989,1985,-3.27847583579347,0.571945361584849
1989,1986,-3.33744633124096,0.546659188470544
1989,1987,-3.23743199130136,0.339540146797488
1989,1988,-3.05871415743887,0.259529780398495
1989,1989,-2.94317716944904,-1.98253247994046
1990,1971,0.178460583110029,0.281886547015938
1990,1972,0.096611255826446,-0.389621551118669
1990,1973,0.151967905332182,-0.873336924666214
1990,1974,0.0230679398267669,0.0979354286190292
1990,1975,-0.239224225269117,-0.552282096567191
1990,1976,-0.719347705834034,-1.20994972256872
1990,1977,-1.397016818522,1.32076364085483
1990,1978,-2.27499511595209,0.0913213951814194
1990,1979,-2.85409717359248,0.428438486194335
1990,1980,-2.87989201881377,0.0987372409422153
1990,1981,-2.99331106193597,0.356124124727302
1990,1982,-3.17325625632165,-0.0835377122756965
1990,1983,-3.32182980173522,-0.181359362307737
1990,1984,-3.27393254760427,0.0193637584791964
1990,1985,-3.27847583579347,0.607377231108647
1990,1986,-3.33744633124096,0.614288335048129
1990,1987,-3.23743199130136,0.410589244831718
1990,1988,-3.05871415743887,0.317710993845194
1990,1989,-2.94317716944904,-1.8485732472436
1990,1990,-2.62217436302333,-1.14310433760387
1991,1972,0.096611255826446,-0.345851467142077
1991,1973,0.151967905332182,-0.840278572226326
1991,1974,0.0230679398267669,0.137210809703719
1991,1975,-0.239224225269117,-0.519481125458769
1991,1976,-0.719347705834034,-1.18362624608792
1991,1977,-1.397016818522,1.35875150459407
1991,1978,-2.27499511595209,0.129986524732981
1991,1979,-2.85409717359248,0.478618733240106
1991,1980,-2.87989201881377,0.136307053998072
1991,1981,-2.99331106193597,0.381884247505877
1991,1982,-3.17325625632165,-0.039490533920336
1991,1983,-3.32182980173522,-0.159058676443608
1991,1984,-3.27393254760427,0.0528975782089839
1991,1985,-3.27847583579347,0.654361614546246
1991,1986,-3.33744633124096,0.654020778122092
1991,1987,-3.23743199130136,0.446982996613842
1991,1988,-3.05871415743887,0.355142888916182
1991,1989,-2.94317716944904,-1.81362461024043
1991,1990,-2.62217436302333,-1.10998032409407
1991,1991,-2.18523177401194,-0.160563674743863
1992,1973,0.151967905332182,-0.797802446994411
1992,1974,0.0230679398267669,0.167757766097659
1992,1975,-0.239224225269117,-0.482171712600003
1992,1976,-0.719347705834034,-1.13393623139484
1992,1977,-1.397016818522,1.35876493005585
1992,1978,-2.27499511595209,0.147606758027163
1992,1979,-2.85409717359248,0.499491798311878
1992,1980,-2.87989201881377,0.1596924458541
1992,1981,-2.99331106193597,0.389141555458085
1992,1982,-3.17325625632165,-0.0108514923350503
1992,1983,-3.32182980173522,-0.140128084693379
1992,1984,-3.27393254760427,0.071397689716615
1992,1985,-3.27847583579347,0.674972008264835
1992,1986,-3.33744633124096,0.664307651850619
1992,1987,-3.23743199130136,0.46062445955863
1992,1988,-3.05871415743887,0.374302635634011
1992,1989,-2.94317716944904,-1.75219311017778
1992,1990,-2.62217436302333,-1.05454634470235
1992,1991,-2.18523177401194,-0.123557725491315
1992,1992,-2.02585665511859,-1.1961530258309
1993,1974,0.0230679398267669,0.169737525141869
1993,1975,-0.239224225269117,-0.461462133505684
1993,1976,-0.719347705834034,-1.09616705145853
1993,1977,-1.397016818522,1.3171436710078
1993,1978,-2.27499511595209,0.152194129739802
1993,1979,-2.85409717359248,0.48973034335625
1993,1980,-2.87989201881377,0.155986465773076
1993,1981,-2.99331106193597,0.37934754847924
1993,1982,-3.17325625632165,0.00233584360238935
1993,1983,-3.32182980173522,-0.142684942717298
1993,1984,-3.27393254760427,0.0783753937166336
1993,1985,-3.27847583579347,0.65778880186773
1993,1986,-3.33744633124096,0.646662008158961
1993,1987,-3.23743199130136,0.44255826269806
1993,1988,-3.05871415743887,0.368922676666678
1993,1989,-2.94317716944904,-1.68817933741752
1993,1990,-2.62217436302333,-1.02397800784904
1993,1991,-2.18523177401194,-0.116649489904142
1993,1992,-2.02585665511859,-1.16056234436747
1993,1993,-1.84471329513926,-1.3762130721144
1994,1975,-0.239224225269117,-0.448365218859343
1994,1976,-0.719347705834034,-1.07404056403173
1994,1977,-1.397016818522,1.32181364243842
1994,1978,-2.27499511595209,0.172198250148111
1994,1979,-2.85409717359248,0.506673320591259
1994,1980,-2.87989201881377,0.172299943302598
1994,1981,-2.99331106193597,0.394814536750893
1994,1982,-3.17325625632165,0.0172753072199744
1994,1983,-3.32182980173522,-0.122214735541148
1994,1984,-3.27393254760427,0.0991342864116182
1994,1985,-3.27847583579347,0.672503569179715
1994,1986,-3.33744633124096,0.668418201023765
1994,1987,-3.23743199130136,0.461000934810896
1994,1988,-3.05871415743887,0.384560269588118
1994,1989,-2.94317716944904,-1.66425666902643
1994,1990,-2.62217436302333,-1.01264323707834
1994,1991,-2.18523177401194,-0.0994334579322622
1994,1992,-2.02585665511859,-1.13438855519578
1994,1993,-1.84471329513926,-1.34963036604379
1994,1994,-1.46316956908376,-0.0489668526685855
1995,1976,-0.719347705834034,-1.07500852944961
1995,1977,-1.397016818522,1.31940717201974
1995,1978,-2.27499511595209,0.171220464239184
1995,1979,-2.85409717359248,0.502704036044441
1995,1980,-2.87989201881377,0.172172207298678
1995,1981,-2.99331106193597,0.396457865202566
1995,1982,-3.17325625632165,0.0148511753715371
1995,1983,-3.32182980173522,-0.127050999361167
1995,1984,-3.27393254760427,0.101776312649741
1995,1985,-3.27847583579347,0.6728299321742
1995,1986,-3.33744633124096,0.666677492493331
1995,1987,-3.23743199130136,0.4659304897261
1995,1988,-3.05871415743887,0.382466625361304
1995,1989,-2.94317716944904,-1.66801853429219
1995,1990,-2.62217436302333,-1.02602780873871
1995,1991,-2.18523177401194,-0.105687543981864
1995,1992,-2.02585665511859,-1.12916224601046
1995,1993,-1.84471329513926,-1.34831155648934
1995,1994,-1.46316956908376,-0.0629106020631195
1995,1995,-1.21315802487371,-0.673841650893145
1996,1977,-1.397016818522,1.27840331752298
1996,1978,-2.27499511595209,0.148570098492891
1996,1979,-2.85409717359248,0.479094745213453
1996,1980,-2.87989201881377,0.13696993223551
1996,1981,-2.99331106193597,0.376923056738078
1996,1982,-3.17325625632165,-0.00985393557462644
1996,1983,-3.32182980173522,-0.144546966216721
1996,1984,-3.27393254760427,0.0768854220422297
1996,1985,-3.27847583579347,0.632195927016445
1996,1986,-3.33744633124096,0.637037794776534
1996,1987,-3.23743199130136,0.43295539875394
1996,1988,-3.05871415743887,0.348408322869095
1996,1989,-2.94317716944904,-1.68143646149059
1996,1990,-2.62217436302333,-1.04663019242887
1996,1991,-2.18523177401194,-0.129470336914048
1996,1992,-2.02585665511859,-1.14889821581098
1996,1993,-1.84471329513926,-1.36846894629346
1996,1994,-1.46316956908376,-0.0978209090152142
1996,1995,-1.21315802487371,-0.694326833883425
1996,1996,-1.31910496633634,-0.0614130597209229
1997,1978,-2.27499511595209,0.139162743043292
1997,1979,-2.85409717359248,0.483505226751771
1997,1980,-2.87989201881377,0.141875541500976
1997,1981,-2.99331106193597,0.363130731925
1997,1982,-3.17325625632165,-0.00634817037676215
1997,1983,-3.32182980173522,-0.166726646092811
1997,1984,-3.27393254760427,0.0710163608874749
1997,1985,-3.27847583579347,0.649617144971788
1997,1986,-3.33744633124096,0.635610744992509
1997,1987,-3.23743199130136,0.430943071061769
1997,1988,-3.05871415743887,0.348376026337189
1997,1989,-2.94317716944904,-1.69693408249786
1997,1990,-2.62217436302333,-1.05869365711764
1997,1991,-2.18523177401194,-0.12151187166002
1997,1992,-2.02585665511859,-1.16462246256106
1997,1993,-1.84471329513926,-1.38323726294888
1997,1994,-1.46316956908376,-0.0979896268515913
1997,1995,-1.21315802487371,-0.710089268142268
1997,1996,-1.31910496633634,-0.04828078360359
1997,1997,-1.19389086907963,-0.284625528388296
1998,1979,-2.85409717359248,0.504026188124992
1998,1980,-2.87989201881377,0.146560159995477
1998,1981,-2.99331106193597,0.368514838803192
1998,1982,-3.17325625632165,0.00847162966105197
1998,1983,-3.32182980173522,-0.175238569736983
1998,1984,-3.27393254760427,0.0752111991244881
1998,1985,-3.27847583579347,0.663897032114371
1998,1986,-3.33744633124096,0.643591442607797
1998,1987,-3.23743199130136,0.439165121027553
1998,1988,-3.05871415743887,0.356466261644749
1998,1989,-2.94317716944904,-1.71913560446837
1998,1990,-2.62217436302333,-1.08410621571097
1998,1991,-2.18523177401194,-0.121433097863572
1998,1992,-2.02585665511859,-1.18826906905331
1998,1993,-1.84471329513926,-1.40417134099537
1998,1994,-1.46316956908376,-0.101697118681361
1998,1995,-1.21315802487371,-0.716480881594703
1998,1996,-1.31910496633634,-0.0348820807712608
1998,1997,-1.19389086907963,-0.285602909778649
1998,1998,-0.945587718207424,0.365105881645157
1999,1980,-2.87989201881377,0.142570937137144
1999,1981,-2.99331106193597,0.372386904410533
1999,1982,-3.17325625632165,0.00181669398085439
1999,1983,-3.32182980173522,-0.164512945492587
1999,1984,-3.27393254760427,0.0753508003668359
1999,1985,-3.27847583579347,0.664314013571272
1999,1986,-3.33744633124096,0.650362885963261
1999,1987,-3.23743199130136,0.43825594439167
1999,1988,-3.05871415743887,0.35603992229262
1999,1989,-2.94317716944904,-1.73357512465034
1999,1990,-2.62217436302333,-1.08667115281994
1999,1991,-2.18523177401194,-0.11775790337027
1999,1992,-2.02585665511859,-1.19930576463763
1999,1993,-1.84471329513926,-1.41609457640015
1999,1994,-1.46316956908376,-0.0919527854326457
1999,1995,-1.21315802487371,-0.722911804945483
1999,1996,-1.31910496633634,-0.05552687185178
1999,1997,-1.19389086907963,-0.282952082370998
1999,1998,-0.945587718207424,0.356268680593249
1999,1999,-0.644807395087278,0.579966295609807
2000,1981,-2.99331106193597,0.399771570132589
2000,1982,-3.17325625632165,0.026565898587693
2000,1983,-3.32182980173522,-0.147489758656244
2000,1984,-3.27393254760427,0.101378047775933
2000,1985,-3.27847583579347,0.698002514308147
2000,1986,-3.33744633124096,0.685061416704949
2000,1987,-3.23743199130136,0.468434952856134
2000,1988,-3.05871415743887,0.385261928597174
2000,1989,-2.94317716944904,-1.72667127989117
2000,1990,-2.62217436302333,-1.06781554185871
2000,1991,-2.18523177401194,-0.0980276807158504
2000,1992,-2.02585665511859,-1.18659715307292
2000,1993,-1.84471329513926,-1.41014200861328
2000,1994,-1.46316956908376,-0.0680914247682221
2000,1995,-1.21315802487371,-0.707266969519575
2000,1996,-1.31910496633634,-0.0248572506182756
2000,1997,-1.19389086907963,-0.262571531731795
2000,1998,-0.945587718207424,0.384321944076891
2000,1999,-0.644807395087278,0.597346523102103
2000,2000,-0.440434873333866,-0.336822043412268
2001,1982,-3.17325625632165,0.0534885814906861
2001,1983,-3.32182980173522,-0.138754170921243
2001,1984,-3.27393254760427,0.120204077224486
2001,1985,-3.27847583579347,0.731880307782239
2001,1986,-3.33744633124096,0.706692850784273
2001,1987,-3.23743199130136,0.491066818325168
2001,1988,-3.05871415743887,0.411135211354099
2001,1989,-2.94317716944904,-1.71648134162334
2001,1990,-2.62217436302333,-1.04594002934851
2001,1991,-2.18523177401194,-0.0754889075659182
2001,1992,-2.02585665511859,-1.18547987621551
2001,1993,-1.84471329513926,-1.40022576439225
2001,1994,-1.46316956908376,-0.0389289040674929
2001,1995,-1.21315802487371,-0.681621535364865
2001,1996,-1.31910496633634,-0.00543643294763059
2001,1997,-1.19389086907963,-0.245582736694988
2001,1998,-0.945587718207424,0.407296899538256
2001,1999,-0.644807395087278,0.629649759134701
2001,2000,-0.440434873333866,-0.324205291083749
2001,2001,-0.171174418068925,1.32304290605019
2002,1983,-3.32182980173522,-0.128776842205371
2002,1984,-3.27393254760427,0.151371279028134
2002,1985,-3.27847583579347,0.777813816741062
2002,1986,-3.33744633124096,0.753138861212738
2002,1987,-3.23743199130136,0.534957173700755
2002,1988,-3.05871415743887,0.437536559782358
2002,1989,-2.94317716944904,-1.75796325019967
2002,1990,-2.62217436302333,-1.07471812916348
2002,1991,-2.18523177401194,-0.0641467232052905
2002,1992,-2.02585665511859,-1.18217684862097
2002,1993,-1.84471329513926,-1.41460080171617
2002,1994,-1.46316956908376,-0.029662145507049
2002,1995,-1.21315802487371,-0.70349598347257
2002,1996,-1.31910496633634,0.0511012729755783
2002,1997,-1.19389086907963,-0.241247055306509
2002,1998,-0.945587718207424,0.441252346284836
2002,1999,-0.644807395087278,0.649603291862665
2002,2000,-0.440434873333866,-0.329524407576038
2002,2001,-0.171174418068925,1.36671006803111
2002,2002,0.296821143107953,-0.524873954673976
2003,1984,-3.27393254760427,0.160565587198896
2003,1985,-3.27847583579347,0.798429783645926
2003,1986,-3.33744633124096,0.768945070874214
2003,1987,-3.23743199130136,0.547030713597914
2003,1988,-3.05871415743887,0.453412201629846
2003,1989,-2.94317716944904,-1.75370425437955
2003,1990,-2.62217436302333,-1.05630936370824
2003,1991,-2.18523177401194,-0.0453122656894185
2003,1992,-2.02585665511859,-1.17810140758821
2003,1993,-1.84471329513926,-1.41062736376489
2003,1994,-1.46316956908376,-0.00542232476574132
2003,1995,-1.21315802487371,-0.691492153319242
2003,1996,-1.31910496633634,0.0523537883774839
2003,1997,-1.19389086907963,-0.229788268133703
2003,1998,-0.945587718207424,0.450529679593008
2003,1999,-0.644807395087278,0.676928742662316
2003,2000,-0.440434873333866,-0.310695848560849
2003,2001,-0.171174418068925,1.38858960713656
2003,2002,0.296821143107953,-0.518423200426417
2003,2003,0.71284300518753,0.0712493372871582
2004,1985,-3.27847583579347,0.742210137170766
2004,1986,-3.33744633124096,0.736571303039434
2004,1987,-3.23743199130136,0.513341197212139
2004,1988,-3.05871415743887,0.417531388865331
2004,1989,-2.94317716944904,-1.74860904743535
2004,1990,-2.62217436302333,-1.05791123209864
2004,1991,-2.18523177401194,-0.0741341433321238
2004,1992,-2.02585665511859,-1.18037354705543
2004,1993,-1.84471329513926,-1.41278232924159
2004,1994,-1.46316956908376,-0.0319035527716569
2004,1995,-1.21315802487371,-0.69687921943434
2004,1996,-1.31910496633634,-0.0012076335107006
2004,1997,-1.19389086907963,-0.243589288647443
2004,1998,-0.945587718207424,0.419452886995329
2004,1999,-0.644807395087278,0.644898909435656
2004,2000,-0.440434873333866,-0.313822910972883
2004,2001,-0.171174418068925,1.34230639270818
2004,2002,0.296821143107953,-0.525493748463291
2004,2003,0.71284300518753,0.0424630998194545
2004,2004,1.30674527983323,0.62689372177258
2005,1986,-3.33744633124096,0.732321786001226
2005,1987,-3.23743199130136,0.506980860114011
2005,1988,-3.05871415743887,0.41084070544938
2005,1989,-2.94317716944904,-1.75534230789848
2005,1990,-2.62217436302333,-1.06226804998418
2005,1991,-2.18523177401194,-0.0767165935230214
2005,1992,-2.02585665511859,-1.18061278970022
2005,1993,-1.84471329513926,-1.41758658615197
2005,1994,-1.46316956908376,-0.0385996517845824
2005,1995,-1.21315802487371,-0.701715724881098
2005,1996,-1.31910496633634,-0.00920148081866036
2005,1997,-1.19389086907963,-0.248018217905281
2005,1998,-0.945587718207424,0.41299094861744
2005,1999,-0.644807395087278,0.640939157357727
2005,2000,-0.440434873333866,-0.308139788971513
2005,2001,-0.171174418068925,1.33174572404987
2005,2002,0.296821143107953,-0.530040826491007
2005,2003,0.71284300518753,0.0375486241448562
2005,2004,1.30674527983323,0.621964559660205
2005,2005,2.18519270220487,-0.198800138506294
2006,1987,-3.23743199130136,0.54548733833205
2006,1988,-3.05871415743887,0.457449107284361
2006,1989,-2.94317716944904,-1.73489308409377
2006,1990,-2.62217436302333,-1.0490021468237
2006,1991,-2.18523177401194,-0.0392484624992629
2006,1992,-2.02585665511859,-1.16272850567708
2006,1993,-1.84471329513926,-1.39788095011457
2006,1994,-1.46316956908376,-0.0015403430009661
2006,1995,-1.21315802487371,-0.661368404657431
2006,1996,-1.31910496633634,0.0456728760151497
2006,1997,-1.19389086907963,-0.210454018745143
2006,1998,-0.945587718207424,0.462391685202462
2006,1999,-0.644807395087278,0.692732895653304
2006,2000,-0.440434873333866,-0.276389125798828
2006,2001,-0.171174418068925,1.38087176409014
2006,2002,0.296821143107953,-0.492058659249016
2006,2003,0.71284300518753,0.06414636548672
2006,2004,1.30674527983323,0.673855177091137
2006,2005,2.18519270220487,-0.157396269258787
2006,2006,3.21014896351225,0.700381428393129
2007,1988,-3.05871415743887,0.4618577173119
2007,1989,-2.94317716944904,-1.74981794276606
2007,1990,-2.62217436302333,-1.04247690937761
2007,1991,-2.18523177401194,-0.0343653889220038
2007,1992,-2.02585665511859,-1.17693847638825
2007,1993,-1.84471329513926,-1.40970471949028
2007,1994,-1.46316956908376,0.0177808093899307
2007,1995,-1.21315802487371,-0.661108889412799
2007,1996,-1.31910496633634,0.04250301222869
2007,1997,-1.19389086907963,-0.214141436275454
2007,1998,-0.945587718207424,0.466100457926661
2007,1999,-0.644807395087278,0.707601622124751
2007,2000,-0.440434873333866,-0.285784210483824
2007,2001,-0.171174418068925,1.39983859265508
2007,2002,0.296821143107953,-0.506511327219653
2007,2003,0.71284300518753,0.0707263738205157
2007,2004,1.30674527983323,0.677376341008666
2007,2005,2.18519270220487,-0.173982638989634
2007,2006,3.21014896351225,0.701772799715521
2007,2007,3.87362783205816,-0.609305532580582
2008,1989,-2.94317716944904,-1.7335919489293
2008,1990,-2.62217436302333,-1.02077471645965
2008,1991,-2.18523177401194,-0.0044292985268672
2008,1992,-2.02585665511859,-1.161828644724
2008,1993,-1.84471329513926,-1.39436756049178
2008,1994,-1.46316956908376,0.0453541712350647
2008,1995,-1.21315802487371,-0.638124480678313
2008,1996,-1.31910496633634,0.0778116494443033
2008,1997,-1.19389086907963,-0.187410152317034
2008,1998,-0.945587718207424,0.492394308426224
2008,1999,-0.644807395087278,0.736477019716473
2008,2000,-0.440434873333866,-0.26610426916461
2008,2001,-0.171174418068925,1.43582651047789
2008,2002,0.296821143107953,-0.48650610499527
2008,2003,0.71284300518753,0.100671450538759
2008,2004,1.30674527983323,0.703446465435682
2008,2005,2.18519270220487,-0.150528079832577
2008,2006,3.21014896351225,0.736127554210641
2008,2007,3.87362783205816,-0.585175028340489
2008,2008,4.16718247234619,-0.215063675412511
2009,1990,-2.62217436302333,-1.04926761993002
2009,1991,-2.18523177401194,-0.0443030324846321
2009,1992,-2.02585665511859,-1.17399088594943
2009,1993,-1.84471329513926,-1.3955769402332
2009,1994,-1.46316956908376,-0.00382600598555811
2009,1995,-1.21315802487371,-0.657500477998361
2009,1996,-1.31910496633634,0.0681688356644265
2009,1997,-1.19389086907963,-0.20806158995115
2009,1998,-0.945587718207424,0.447291494760702
2009,1999,-0.644807395087278,0.674088213361976
2009,2000,-0.440434873333866,-0.304294105245051
2009,2001,-0.171174418068925,1.38101982658205
2009,2002,0.296821143107953,-0.497117477264043
2009,2003,0.71284300518753,0.0633702208486475
2009,2004,1.30674527983323,0.656647273440369
2009,2005,2.18519270220487,-0.16429920202792
2009,2006,3.21014896351225,0.69046476009955
2009,2007,3.87362783205816,-0.612297305822784
2009,2008,4.16718247234619,-0.243057664972014
2009,2009,3.99674025446727,0.027695635898473
2010,1991,-2.18523177401194,-0.123961732940822
2010,1992,-2.02585665511859,-1.26954380016387
2010,1993,-1.84471329513926,-1.4770958071906
2010,1994,-1.46316956908376,-0.0943474327839018
2010,1995,-1.21315802487371,-0.732164779569437
2010,1996,-1.31910496633634,-0.00675397403986737
2010,1997,-1.19389086907963,-0.289572323229926
2010,1998,-0.945587718207424,0.344191550309018
2010,1999,-0.644807395087278,0.581171449829525
2010,2000,-0.440434873333866,-0.401451521575549
2010,2001,-0.171174418068925,1.27802439729395
2010,2002,0.296821143107953,-0.577960453465297
2010,2003,0.71284300518753,-0.0497159355890448
2010,2004,1.30674527983323,0.567194707933377
2010,2005,2.18519270220487,-0.250169936846424
2010,2006,3.21014896351225,0.611629575623538
2010,2007,3.87362783205816,-0.688366620489988
2010,2008,4.16718247234619,-0.331609078332041
2010,2009,3.99674025446727,-0.0281736343022421
2010,2010,3.89927062349521,1.42359349735026
2011,1992,-2.02585665511859,-1.29373803559579
2011,1993,-1.84471329513926,-1.49686699140558
2011,1994,-1.46316956908376,-0.11725195348805
2011,1995,-1.21315802487371,-0.734598638565685
2011,1996,-1.31910496633634,-0.0360634694335751
2011,1997,-1.19389086907963,-0.297888305921678
2011,1998,-0.945587718207424,0.330965666568077
2011,1999,-0.644807395087278,0.563644685866079
2011,2000,-0.440434873333866,-0.415103036030747
2011,2001,-0.171174418068925,1.27115275480346
2011,2002,0.296821143107953,-0.583335907923325
2011,2003,0.71284300518753,-0.0808498963142812
2011,2004,1.30674527983323,0.556510538516716
2011,2005,2.18519270220487,-0.264784030522009
2011,2006,3.21014896351225,0.58742834122904
2011,2007,3.87362783205816,-0.701142583092008
2011,2008,4.16718247234619,-0.342075670356028
2011,2009,3.99674025446727,-0.0387626687274128
2011,2010,3.89927062349521,1.41177981573906
2011,2011,4.19270826663244,-0.145469811769794
2012,1993,-1.84471329513926,-1.54552352034576
2012,1994,-1.46316956908376,-0.149034451096687
2012,1995,-1.21315802487371,-0.771994680210223
2012,1996,-1.31910496633634,-0.0510197413201775
2012,1997,-1.19389086907963,-0.331976011955533
2012,1998,-0.945587718207424,0.297389594317905
2012,1999,-0.644807395087278,0.534458518484058
2012,2000,-0.440434873333866,-0.460905020986388
2012,2001,-0.171174418068925,1.24884599328674
2012,2002,0.296821143107953,-0.628417499661537
2012,2003,0.71284300518753,-0.112248392283666
2012,2004,1.30674527983323,0.519506089975211
2012,2005,2.18519270220487,-0.295573773060298
2012,2006,3.21014896351225,0.569272808009883
2012,2007,3.87362783205816,-0.740405753261871
2012,2008,4.16718247234619,-0.386151800567416
2012,2009,3.99674025446727,-0.065696360748425
2012,2010,3.89927062349521,1.40419172885897
2012,2011,4.19270826663244,-0.164576458744765
2012,2012,4.569305427142,-0.90167234194161
2013,1994,-1.46316956908376,-0.200535267592156
2013,1995,-1.21315802487371,-0.801299139395005
2013,1996,-1.31910496633634,-0.0790411143963985
2013,1997,-1.19389086907963,-0.360402993038543
2013,1998,-0.945587718207424,0.279464208125358
2013,1999,-0.644807395087278,0.481336619566931
2013,2000,-0.440434873333866,-0.491213742362863
2013,2001,-0.171174418068925,1.200582982996
2013,2002,0.296821143107953,-0.636999310918745
2013,2003,0.71284300518753,-0.130906183956606
2013,2004,1.30674527983323,0.488747819265784
2013,2005,2.18519270220487,-0.32376489764995
2013,2006,3.21014896351225,0.518124738039054
2013,2007,3.87362783205816,-0.770192937200669
2013,2008,4.16718247234619,-0.409898813144347
2013,2009,3.99674025446727,-0.112334006394605
2013,2010,3.89927062349521,1.3544483413702
2013,2011,4.19270826663244,-0.198205016003096
2013,2012,4.569305427142,-0.943387123635047
2013,2013,4.52823914797729,1.42014008430518
